{
	"class_name" : "PinholeCameraParameters",
	"extrinsic" : 
	[
		0.91349307553888925,
		0.039750316076540358,
		0.404907783716634,
		0.0,
		-0.075180057821717189,
		0.99456924902699106,
		0.071971993134901296,
		0.0,
		-0.39984792090046506,
		-0.096186907953744682,
		0.91152055319113534,
		0.0,
		1.8082353821147583,
		6.9080619713244378,
		16.540938001058279,
		1.0
	],
	"intrinsic" : 
	{
		"height" : 1016,
		"intrinsic_matrix" : 
		[
			879.88181024498977,
			0.0,
			0.0,
			0.0,
			879.88181024498977,
			0.0,
			923.5,
			507.5,
			1.0
		],
		"width" : 1848
	},
	"version_major" : 1,
	"version_minor" : 0
}